{"img_122.jpg48000":{"filename":"img_122.jpg","size":48000,"regions":[{"shape_attributes":{"name":"rect","x":147,"y":11,"width":119,"height":172},"region_attributes":{"class":"Front"}}],"file_attributes":{}},"img_121.jpg35172":{"filename":"img_121.jpg","size":35172,"regions":[{"shape_attributes":{"name":"rect","x":118,"y":9,"width":160,"height":309},"region_attributes":{"class":"Right"}}],"file_attributes":{}},"img_120.jpg39610":{"filename":"img_120.jpg","size":39610,"regions":[{"shape_attributes":{"name":"rect","x":122,"y":5,"width":272,"height":276},"region_attributes":{"class":"Down"}}],"file_attributes":{}},"img_119.jpg62930":{"filename":"img_119.jpg","size":62930,"regions":[{"shape_attributes":{"name":"rect","x":164,"y":99,"width":98,"height":122},"region_attributes":{"class":"DownRight"}}],"file_attributes":{}},"img_118.jpg57027":{"filename":"img_118.jpg","size":57027,"regions":[{"shape_attributes":{"name":"rect","x":61,"y":63,"width":241,"height":306},"region_attributes":{"class":"Front"}}],"file_attributes":{}},"img_117.jpg63008":{"filename":"img_117.jpg","size":63008,"regions":[{"shape_attributes":{"name":"rect","x":6,"y":32,"width":308,"height":300},"region_attributes":{"class":"DownLeft"}}],"file_attributes":{}},"img_116.jpg75044":{"filename":"img_116.jpg","size":75044,"regions":[{"shape_attributes":{"name":"rect","x":62,"y":66,"width":290,"height":269},"region_attributes":{"class":"Front"}}],"file_attributes":{}},"img_115.jpg44943":{"filename":"img_115.jpg","size":44943,"regions":[{"shape_attributes":{"name":"rect","x":132,"y":103,"width":123,"height":249},"region_attributes":{"class":"Front"}}],"file_attributes":{}},"img_114.jpg49648":{"filename":"img_114.jpg","size":49648,"regions":[{"shape_attributes":{"name":"rect","x":126,"y":74,"width":162,"height":237},"region_attributes":{"class":"Front"}}],"file_attributes":{}},"img_113.jpg44202":{"filename":"img_113.jpg","size":44202,"regions":[{"shape_attributes":{"name":"rect","x":195,"y":69,"width":70,"height":122},"region_attributes":{"class":"DownRight"}}],"file_attributes":{}},"img_112.jpg48089":{"filename":"img_112.jpg","size":48089,"regions":[{"shape_attributes":{"name":"rect","x":19,"y":32,"width":147,"height":317},"region_attributes":{"class":"Front"}},{"shape_attributes":{"name":"rect","x":233,"y":43,"width":131,"height":283},"region_attributes":{"class":"UpLeft"}}],"file_attributes":{}},"img_111.jpg69182":{"filename":"img_111.jpg","size":69182,"regions":[{"shape_attributes":{"name":"rect","x":190,"y":52,"width":77,"height":113},"region_attributes":{"class":"UpLeft"}}],"file_attributes":{}},"img_110.jpg29841":{"filename":"img_110.jpg","size":29841,"regions":[{"shape_attributes":{"name":"rect","x":135,"y":107,"width":135,"height":122},"region_attributes":{"class":"Right"}}],"file_attributes":{}},"img_109.jpg52509":{"filename":"img_109.jpg","size":52509,"regions":[{"shape_attributes":{"name":"rect","x":170,"y":101,"width":60,"height":85},"region_attributes":{"class":"Front"}}],"file_attributes":{}},"img_108.jpg48232":{"filename":"img_108.jpg","size":48232,"regions":[{"shape_attributes":{"name":"rect","x":112,"y":83,"width":148,"height":215},"region_attributes":{"class":"Front"}}],"file_attributes":{}},"img_107.jpg96203":{"filename":"img_107.jpg","size":96203,"regions":[{"shape_attributes":{"name":"rect","x":307,"y":90,"width":35,"height":49},"region_attributes":{"class":"Left"}}],"file_attributes":{}},"img_106.jpg54192":{"filename":"img_106.jpg","size":54192,"regions":[{"shape_attributes":{"name":"rect","x":122,"y":62,"width":106,"height":197},"region_attributes":{"class":"Front"}}],"file_attributes":{}},"img_105.jpg39301":{"filename":"img_105.jpg","size":39301,"regions":[{"shape_attributes":{"name":"rect","x":227,"y":114,"width":97,"height":118},"region_attributes":{"class":"Right"}}],"file_attributes":{}},"img_104.jpg61806":{"filename":"img_104.jpg","size":61806,"regions":[{"shape_attributes":{"name":"rect","x":147,"y":48,"width":222,"height":262},"region_attributes":{"class":"Right"}}],"file_attributes":{}},"img_103.jpg86790":{"filename":"img_103.jpg","size":86790,"regions":[{"shape_attributes":{"name":"rect","x":126,"y":75,"width":149,"height":126},"region_attributes":{"class":"Front"}}],"file_attributes":{}},"img_102.jpg29763":{"filename":"img_102.jpg","size":29763,"regions":[{"shape_attributes":{"name":"rect","x":93,"y":115,"width":218,"height":283},"region_attributes":{"class":"Front"}}],"file_attributes":{}},"img_101.jpg32829":{"filename":"img_101.jpg","size":32829,"regions":[{"shape_attributes":{"name":"rect","x":115,"y":165,"width":189,"height":191},"region_attributes":{"class":"Front"}}],"file_attributes":{}},"img_100.jpg58872":{"filename":"img_100.jpg","size":58872,"regions":[{"shape_attributes":{"name":"rect","x":96,"y":150,"width":215,"height":146},"region_attributes":{"class":"Front"}}],"file_attributes":{}},"img_099.jpg34382":{"filename":"img_099.jpg","size":34382,"regions":[{"shape_attributes":{"name":"rect","x":168,"y":5,"width":182,"height":359},"region_attributes":{"class":"DownLeft"}}],"file_attributes":{}},"img_098.jpg53666":{"filename":"img_098.jpg","size":53666,"regions":[{"shape_attributes":{"name":"rect","x":123,"y":115,"width":111,"height":143},"region_attributes":{"class":"Front"}}],"file_attributes":{}},"img_097.jpg29068":{"filename":"img_097.jpg","size":29068,"regions":[{"shape_attributes":{"name":"rect","x":125,"y":110,"width":143,"height":249},"region_attributes":{"class":"Front"}}],"file_attributes":{}},"img_096.jpg65764":{"filename":"img_096.jpg","size":65764,"regions":[{"shape_attributes":{"name":"rect","x":196,"y":37,"width":86,"height":136},"region_attributes":{"class":"Left"}}],"file_attributes":{}},"img_095.jpg50611":{"filename":"img_095.jpg","size":50611,"regions":[{"shape_attributes":{"name":"rect","x":136,"y":137,"width":121,"height":182},"region_attributes":{"class":"Front"}}],"file_attributes":{}},"img_094.jpg68450":{"filename":"img_094.jpg","size":68450,"regions":[{"shape_attributes":{"name":"rect","x":172,"y":74,"width":40,"height":83},"region_attributes":{"class":"Front"}},{"shape_attributes":{"name":"rect","x":110,"y":209,"width":19,"height":54},"region_attributes":{"class":"Down"}}],"file_attributes":{}},"img_093.jpg41931":{"filename":"img_093.jpg","size":41931,"regions":[{"shape_attributes":{"name":"rect","x":30,"y":93,"width":131,"height":213},"region_attributes":{"class":"Front"}},{"shape_attributes":{"name":"rect","x":299,"y":110,"width":94,"height":211},"region_attributes":{"class":"Right"}}],"file_attributes":{}},"img_092.jpg64039":{"filename":"img_092.jpg","size":64039,"regions":[{"shape_attributes":{"name":"rect","x":63,"y":65,"width":91,"height":151},"region_attributes":{"class":"Front"}},{"shape_attributes":{"name":"rect","x":185,"y":144,"width":165,"height":239},"region_attributes":{"class":"Front"}}],"file_attributes":{}},"img_091.jpg39387":{"filename":"img_091.jpg","size":39387,"regions":[{"shape_attributes":{"name":"rect","x":55,"y":27,"width":99,"height":115},"region_attributes":{"class":"Front"}}],"file_attributes":{}},"img_090.jpg44707":{"filename":"img_090.jpg","size":44707,"regions":[{"shape_attributes":{"name":"rect","x":134,"y":87,"width":151,"height":144},"region_attributes":{"class":"Front"}}],"file_attributes":{}},"img_089.jpg44181":{"filename":"img_089.jpg","size":44181,"regions":[{"shape_attributes":{"name":"rect","x":189,"y":46,"width":43,"height":79},"region_attributes":{"class":"Left"}}],"file_attributes":{}},"img_088.jpg42276":{"filename":"img_088.jpg","size":42276,"regions":[{"shape_attributes":{"name":"rect","x":148,"y":83,"width":82,"height":133},"region_attributes":{"class":"Front"}}],"file_attributes":{}},"img_087.jpg42890":{"filename":"img_087.jpg","size":42890,"regions":[{"shape_attributes":{"name":"rect","x":50,"y":86,"width":224,"height":263},"region_attributes":{"class":"Left"}}],"file_attributes":{}},"img_086.jpg44581":{"filename":"img_086.jpg","size":44581,"regions":[{"shape_attributes":{"name":"rect","x":42,"y":114,"width":128,"height":224},"region_attributes":{"class":"Front"}},{"shape_attributes":{"name":"rect","x":305,"y":155,"width":83,"height":178},"region_attributes":{"class":"Right"}}],"file_attributes":{}},"img_085.jpg48651":{"filename":"img_085.jpg","size":48651,"regions":[{"shape_attributes":{"name":"rect","x":160,"y":128,"width":56,"height":170},"region_attributes":{"class":"Right"}},{"shape_attributes":{"name":"rect","x":218,"y":157,"width":52,"height":117},"region_attributes":{"class":"Left"}}],"file_attributes":{}},"img_084.jpg52481":{"filename":"img_084.jpg","size":52481,"regions":[{"shape_attributes":{"name":"rect","x":175,"y":51,"width":90,"height":156},"region_attributes":{"class":"Front"}}],"file_attributes":{}},"img_083.jpg31398":{"filename":"img_083.jpg","size":31398,"regions":[{"shape_attributes":{"name":"rect","x":187,"y":71,"width":87,"height":109},"region_attributes":{"class":"DownLeft"}}],"file_attributes":{}},"img_082.jpg57260":{"filename":"img_082.jpg","size":57260,"regions":[{"shape_attributes":{"name":"rect","x":8,"y":139,"width":260,"height":132},"region_attributes":{"class":"Down"}}],"file_attributes":{}},"img_081.jpg36065":{"filename":"img_081.jpg","size":36065,"regions":[{"shape_attributes":{"name":"rect","x":83,"y":80,"width":218,"height":207},"region_attributes":{"class":"Front"}}],"file_attributes":{}},"img_080.jpg52509":{"filename":"img_080.jpg","size":52509,"regions":[{"shape_attributes":{"name":"rect","x":121,"y":92,"width":138,"height":236},"region_attributes":{"class":"Front"}}],"file_attributes":{}},"img_079.jpg38647":{"filename":"img_079.jpg","size":38647,"regions":[{"shape_attributes":{"name":"rect","x":144,"y":138,"width":98,"height":147},"region_attributes":{"class":"Down"}}],"file_attributes":{}},"img_078.jpg73164":{"filename":"img_078.jpg","size":73164,"regions":[{"shape_attributes":{"name":"rect","x":207,"y":63,"width":86,"height":106},"region_attributes":{"class":"DownRight"}}],"file_attributes":{}},"img_077.jpg48946":{"filename":"img_077.jpg","size":48946,"regions":[{"shape_attributes":{"name":"rect","x":239,"y":114,"width":140,"height":176},"region_attributes":{"class":"Right"}}],"file_attributes":{}},"img_076.jpg51194":{"filename":"img_076.jpg","size":51194,"regions":[{"shape_attributes":{"name":"rect","x":144,"y":49,"width":114,"height":98},"region_attributes":{"class":"Front"}}],"file_attributes":{}},"img_075.jpg45145":{"filename":"img_075.jpg","size":45145,"regions":[{"shape_attributes":{"name":"rect","x":136,"y":104,"width":140,"height":200},"region_attributes":{"class":"Front"}}],"file_attributes":{}},"img_074.jpg65257":{"filename":"img_074.jpg","size":65257,"regions":[{"shape_attributes":{"name":"rect","x":132,"y":127,"width":140,"height":114},"region_attributes":{"class":"DownLeft"}}],"file_attributes":{}},"img_073.jpg37995":{"filename":"img_073.jpg","size":37995,"regions":[{"shape_attributes":{"name":"rect","x":62,"y":45,"width":167,"height":298},"region_attributes":{"class":"DownRight"}}],"file_attributes":{}},"img_072.jpg61293":{"filename":"img_072.jpg","size":61293,"regions":[{"shape_attributes":{"name":"rect","x":145,"y":101,"width":149,"height":157},"region_attributes":{"class":"UpRight"}}],"file_attributes":{}},"img_071.jpg50328":{"filename":"img_071.jpg","size":50328,"regions":[{"shape_attributes":{"name":"rect","x":22,"y":72,"width":198,"height":176},"region_attributes":{"class":"Left"}}],"file_attributes":{}},"img_070.jpg59835":{"filename":"img_070.jpg","size":59835,"regions":[{"shape_attributes":{"name":"rect","x":152,"y":79,"width":104,"height":174},"region_attributes":{"class":"Right"}}],"file_attributes":{}},"img_069.jpg83196":{"filename":"img_069.jpg","size":83196,"regions":[{"shape_attributes":{"name":"rect","x":134,"y":97,"width":173,"height":265},"region_attributes":{"class":"Front"}}],"file_attributes":{}},"img_068.jpg68298":{"filename":"img_068.jpg","size":68298,"regions":[{"shape_attributes":{"name":"rect","x":59,"y":20,"width":70,"height":64},"region_attributes":{"class":"Up"}},{"shape_attributes":{"name":"rect","x":35,"y":181,"width":105,"height":114},"region_attributes":{"class":"Up"}}],"file_attributes":{}},"img_067.jpg88834":{"filename":"img_067.jpg","size":88834,"regions":[{"shape_attributes":{"name":"rect","x":67,"y":94,"width":198,"height":176},"region_attributes":{"class":"Right"}}],"file_attributes":{}},"img_066.jpg40951":{"filename":"img_066.jpg","size":40951,"regions":[{"shape_attributes":{"name":"rect","x":193,"y":137,"width":87,"height":192},"region_attributes":{"class":"Right"}}],"file_attributes":{}},"img_065.jpg35969":{"filename":"img_065.jpg","size":35969,"regions":[{"shape_attributes":{"name":"rect","x":235,"y":63,"width":101,"height":215},"region_attributes":{"class":"Front"}}],"file_attributes":{}},"img_064.jpg72803":{"filename":"img_064.jpg","size":72803,"regions":[{"shape_attributes":{"name":"rect","x":138,"y":110,"width":159,"height":262},"region_attributes":{"class":"Left"}}],"file_attributes":{}},"img_063.jpg52225":{"filename":"img_063.jpg","size":52225,"regions":[{"shape_attributes":{"name":"rect","x":175,"y":105,"width":29,"height":54},"region_attributes":{"class":"Right"}}],"file_attributes":{}},"img_062.jpg64882":{"filename":"img_062.jpg","size":64882,"regions":[{"shape_attributes":{"name":"rect","x":42,"y":94,"width":308,"height":252},"region_attributes":{"class":"Front"}}],"file_attributes":{}},"img_061.jpg69681":{"filename":"img_061.jpg","size":69681,"regions":[{"shape_attributes":{"name":"rect","x":121,"y":115,"width":137,"height":192},"region_attributes":{"class":"Front"}}],"file_attributes":{}},"img_060.jpg59075":{"filename":"img_060.jpg","size":59075,"regions":[{"shape_attributes":{"name":"rect","x":44,"y":110,"width":238,"height":191},"region_attributes":{"class":"DownLeft"}}],"file_attributes":{}},"img_059.jpg46294":{"filename":"img_059.jpg","size":46294,"regions":[{"shape_attributes":{"name":"rect","x":234,"y":92,"width":76,"height":152},"region_attributes":{"class":"Front"}}],"file_attributes":{}},"img_058.jpg40063":{"filename":"img_058.jpg","size":40063,"regions":[{"shape_attributes":{"name":"rect","x":104,"y":120,"width":187,"height":221},"region_attributes":{"class":"Front"}}],"file_attributes":{}},"img_057.jpg73383":{"filename":"img_057.jpg","size":73383,"regions":[{"shape_attributes":{"name":"rect","x":98,"y":30,"width":275,"height":226},"region_attributes":{"class":"Front"}}],"file_attributes":{}},"img_056.jpg39122":{"filename":"img_056.jpg","size":39122,"regions":[{"shape_attributes":{"name":"rect","x":128,"y":166,"width":41,"height":79},"region_attributes":{"class":"Right"}}],"file_attributes":{}},"img_055.jpg85100":{"filename":"img_055.jpg","size":85100,"regions":[{"shape_attributes":{"name":"rect","x":53,"y":115,"width":213,"height":194},"region_attributes":{"class":"Left"}}],"file_attributes":{}},"img_054.jpg74312":{"filename":"img_054.jpg","size":74312,"regions":[{"shape_attributes":{"name":"rect","x":138,"y":115,"width":219,"height":247},"region_attributes":{"class":"Left"}}],"file_attributes":{}},"img_053.jpg27808":{"filename":"img_053.jpg","size":27808,"regions":[{"shape_attributes":{"name":"rect","x":128,"y":51,"width":118,"height":288},"region_attributes":{"class":"Right"}}],"file_attributes":{}},"img_052.jpg39968":{"filename":"img_052.jpg","size":39968,"regions":[{"shape_attributes":{"name":"rect","x":112,"y":7,"width":95,"height":187},"region_attributes":{"class":"Left"}}],"file_attributes":{}},"img_051.jpg80133":{"filename":"img_051.jpg","size":80133,"regions":[{"shape_attributes":{"name":"rect","x":83,"y":156,"width":170,"height":221},"region_attributes":{"class":"Front"}}],"file_attributes":{}},"img_050.jpg49949":{"filename":"img_050.jpg","size":49949,"regions":[{"shape_attributes":{"name":"rect","x":155,"y":135,"width":74,"height":193},"region_attributes":{"class":"Right"}}],"file_attributes":{}},"img_049.jpg43600":{"filename":"img_049.jpg","size":43600,"regions":[{"shape_attributes":{"name":"rect","x":123,"y":72,"width":132,"height":144},"region_attributes":{"class":"Front"}}],"file_attributes":{}},"img_048.jpg43357":{"filename":"img_048.jpg","size":43357,"regions":[{"shape_attributes":{"name":"rect","x":257,"y":67,"width":91,"height":136},"region_attributes":{"class":"Right"}}],"file_attributes":{}},"img_047.jpg28730":{"filename":"img_047.jpg","size":28730,"regions":[{"shape_attributes":{"name":"rect","x":115,"y":82,"width":153,"height":185},"region_attributes":{"class":"Down"}}],"file_attributes":{}},"img_046.jpg31216":{"filename":"img_046.jpg","size":31216,"regions":[{"shape_attributes":{"name":"rect","x":102,"y":79,"width":175,"height":192},"region_attributes":{"class":"Left"}}],"file_attributes":{}},"img_045.jpg85225":{"filename":"img_045.jpg","size":85225,"regions":[{"shape_attributes":{"name":"rect","x":69,"y":135,"width":229,"height":154},"region_attributes":{"class":"Front"}}],"file_attributes":{}},"img_044.jpg41477":{"filename":"img_044.jpg","size":41477,"regions":[{"shape_attributes":{"name":"rect","x":168,"y":100,"width":72,"height":134},"region_attributes":{"class":"Front"}}],"file_attributes":{}},"img_043.jpg34330":{"filename":"img_043.jpg","size":34330,"regions":[{"shape_attributes":{"name":"rect","x":64,"y":29,"width":224,"height":261},"region_attributes":{"class":"Right"}}],"file_attributes":{}},"img_042.jpg58870":{"filename":"img_042.jpg","size":58870,"regions":[{"shape_attributes":{"name":"rect","x":74,"y":137,"width":263,"height":245},"region_attributes":{"class":"Down"}}],"file_attributes":{}},"img_041.jpg47674":{"filename":"img_041.jpg","size":47674,"regions":[{"shape_attributes":{"name":"rect","x":112,"y":101,"width":155,"height":237},"region_attributes":{"class":"Front"}}],"file_attributes":{}},"img_040.jpg63141":{"filename":"img_040.jpg","size":63141,"regions":[{"shape_attributes":{"name":"rect","x":106,"y":73,"width":45,"height":87},"region_attributes":{"class":"DownRight"}}],"file_attributes":{}},"img_039.jpg68630":{"filename":"img_039.jpg","size":68630,"regions":[{"shape_attributes":{"name":"rect","x":151,"y":93,"width":89,"height":85},"region_attributes":{"class":"Front"}}],"file_attributes":{}},"img_038.jpg61324":{"filename":"img_038.jpg","size":61324,"regions":[{"shape_attributes":{"name":"rect","x":104,"y":67,"width":133,"height":144},"region_attributes":{"class":"Left"}}],"file_attributes":{}},"img_037.jpg34675":{"filename":"img_037.jpg","size":34675,"regions":[{"shape_attributes":{"name":"rect","x":128,"y":105,"width":96,"height":163},"region_attributes":{"class":"Front"}}],"file_attributes":{}},"img_036.jpg68930":{"filename":"img_036.jpg","size":68930,"regions":[{"shape_attributes":{"name":"rect","x":73,"y":148,"width":156,"height":208},"region_attributes":{"class":"Front"}}],"file_attributes":{}},"img_035.jpg84459":{"filename":"img_035.jpg","size":84459,"regions":[{"shape_attributes":{"name":"rect","x":129,"y":104,"width":229,"height":180},"region_attributes":{"class":"Front"}}],"file_attributes":{}},"img_034.jpg71436":{"filename":"img_034.jpg","size":71436,"regions":[{"shape_attributes":{"name":"rect","x":36,"y":71,"width":181,"height":195},"region_attributes":{"class":"Left"}}],"file_attributes":{}},"img_033.jpg49876":{"filename":"img_033.jpg","size":49876,"regions":[{"shape_attributes":{"name":"rect","x":130,"y":49,"width":106,"height":81},"region_attributes":{"class":"DownLeft"}}],"file_attributes":{}},"img_032.jpg40182":{"filename":"img_032.jpg","size":40182,"regions":[{"shape_attributes":{"name":"rect","x":129,"y":68,"width":160,"height":266},"region_attributes":{"class":"Down"}}],"file_attributes":{}},"img_031.jpg49019":{"filename":"img_031.jpg","size":49019,"regions":[{"shape_attributes":{"name":"rect","x":20,"y":81,"width":156,"height":200},"region_attributes":{"class":"Left"}}],"file_attributes":{}},"img_030.jpg44967":{"filename":"img_030.jpg","size":44967,"regions":[{"shape_attributes":{"name":"rect","x":96,"y":136,"width":118,"height":86},"region_attributes":{"class":"Down"}}],"file_attributes":{}},"img_029.jpg60372":{"filename":"img_029.jpg","size":60372,"regions":[{"shape_attributes":{"name":"rect","x":55,"y":128,"width":135,"height":205},"region_attributes":{"class":"Left"}}],"file_attributes":{}},"img_028.jpg45123":{"filename":"img_028.jpg","size":45123,"regions":[{"shape_attributes":{"name":"rect","x":89,"y":103,"width":194,"height":156},"region_attributes":{"class":"Right"}}],"file_attributes":{}},"img_027.jpg46034":{"filename":"img_027.jpg","size":46034,"regions":[{"shape_attributes":{"name":"rect","x":173,"y":124,"width":130,"height":260},"region_attributes":{"class":"Right"}}],"file_attributes":{}},"img_026.jpg32166":{"filename":"img_026.jpg","size":32166,"regions":[{"shape_attributes":{"name":"rect","x":248,"y":110,"width":103,"height":140},"region_attributes":{"class":"Right"}}],"file_attributes":{}},"img_025.jpg52658":{"filename":"img_025.jpg","size":52658,"regions":[{"shape_attributes":{"name":"rect","x":98,"y":59,"width":193,"height":193},"region_attributes":{"class":"Left"}}],"file_attributes":{}},"img_024.jpg55693":{"filename":"img_024.jpg","size":55693,"regions":[{"shape_attributes":{"name":"rect","x":79,"y":122,"width":121,"height":133},"region_attributes":{"class":"Front"}}],"file_attributes":{}},"img_023.jpg55085":{"filename":"img_023.jpg","size":55085,"regions":[{"shape_attributes":{"name":"rect","x":39,"y":136,"width":122,"height":229},"region_attributes":{"class":"Front"}},{"shape_attributes":{"name":"rect","x":230,"y":145,"width":118,"height":230},"region_attributes":{"class":"Front"}}],"file_attributes":{}},"img_022.jpg34642":{"filename":"img_022.jpg","size":34642,"regions":[{"shape_attributes":{"name":"rect","x":124,"y":232,"width":158,"height":146},"region_attributes":{"class":"Down"}}],"file_attributes":{}},"img_021.jpg34630":{"filename":"img_021.jpg","size":34630,"regions":[{"shape_attributes":{"name":"rect","x":207,"y":123,"width":121,"height":174},"region_attributes":{"class":"Right"}}],"file_attributes":{}},"img_020.jpg49372":{"filename":"img_020.jpg","size":49372,"regions":[{"shape_attributes":{"name":"rect","x":184,"y":141,"width":157,"height":151},"region_attributes":{"class":"Right"}}],"file_attributes":{}},"img_019.jpg71867":{"filename":"img_019.jpg","size":71867,"regions":[{"shape_attributes":{"name":"rect","x":119,"y":27,"width":151,"height":158},"region_attributes":{"class":"DownRight"}}],"file_attributes":{}},"img_018.jpg75090":{"filename":"img_018.jpg","size":75090,"regions":[{"shape_attributes":{"name":"rect","x":160,"y":69,"width":118,"height":110},"region_attributes":{"class":"Front"}}],"file_attributes":{}},"img_017.jpg26860":{"filename":"img_017.jpg","size":26860,"regions":[{"shape_attributes":{"name":"rect","x":104,"y":94,"width":85,"height":195},"region_attributes":{"class":"Left"}}],"file_attributes":{}},"img_016.jpg40972":{"filename":"img_016.jpg","size":40972,"regions":[{"shape_attributes":{"name":"rect","x":196,"y":57,"width":136,"height":181},"region_attributes":{"class":"Right"}}],"file_attributes":{}},"img_015.jpg63396":{"filename":"img_015.jpg","size":63396,"regions":[{"shape_attributes":{"name":"rect","x":128,"y":65,"width":137,"height":215},"region_attributes":{"class":"Front"}}],"file_attributes":{}},"img_014.jpg60558":{"filename":"img_014.jpg","size":60558,"regions":[{"shape_attributes":{"name":"rect","x":11,"y":73,"width":151,"height":158},"region_attributes":{"class":"Left"}}],"file_attributes":{}},"img_013.jpg64533":{"filename":"img_013.jpg","size":64533,"regions":[{"shape_attributes":{"name":"rect","x":87,"y":68,"width":221,"height":163},"region_attributes":{"class":"Front"}}],"file_attributes":{}},"img_012.jpg86538":{"filename":"img_012.jpg","size":86538,"regions":[{"shape_attributes":{"name":"rect","x":114,"y":100,"width":178,"height":144},"region_attributes":{"class":"DownRight"}}],"file_attributes":{}},"img_011.jpg36380":{"filename":"img_011.jpg","size":36380,"regions":[{"shape_attributes":{"name":"rect","x":62,"y":90,"width":128,"height":169},"region_attributes":{"class":"Left"}}],"file_attributes":{}},"img_010.jpg48799":{"filename":"img_010.jpg","size":48799,"regions":[{"shape_attributes":{"name":"rect","x":166,"y":130,"width":70,"height":145},"region_attributes":{"class":"DownRight"}}],"file_attributes":{}},"img_009.jpg41393":{"filename":"img_009.jpg","size":41393,"regions":[{"shape_attributes":{"name":"rect","x":141,"y":71,"width":116,"height":186},"region_attributes":{"class":"Left"}}],"file_attributes":{}},"img_008.jpg41710":{"filename":"img_008.jpg","size":41710,"regions":[{"shape_attributes":{"name":"rect","x":91,"y":98,"width":172,"height":136},"region_attributes":{"class":"Down"}}],"file_attributes":{}},"img_007.jpg44396":{"filename":"img_007.jpg","size":44396,"regions":[{"shape_attributes":{"name":"rect","x":108,"y":117,"width":115,"height":125},"region_attributes":{"class":"Left"}}],"file_attributes":{}},"img_006.jpg55571":{"filename":"img_006.jpg","size":55571,"regions":[{"shape_attributes":{"name":"rect","x":149,"y":79,"width":164,"height":146},"region_attributes":{"class":"DownLeft"}}],"file_attributes":{}},"img_005.jpg63645":{"filename":"img_005.jpg","size":63645,"regions":[{"shape_attributes":{"name":"rect","x":74,"y":101,"width":262,"height":236},"region_attributes":{"class":"Front"}}],"file_attributes":{}},"img_004.jpg29936":{"filename":"img_004.jpg","size":29936,"regions":[{"shape_attributes":{"name":"rect","x":56,"y":102,"width":154,"height":201},"region_attributes":{"class":"Left"}}],"file_attributes":{}},"img_003.jpg64074":{"filename":"img_003.jpg","size":64074,"regions":[{"shape_attributes":{"name":"rect","x":67,"y":64,"width":198,"height":266},"region_attributes":{"class":"Right"}}],"file_attributes":{}},"img_002.jpg36708":{"filename":"img_002.jpg","size":36708,"regions":[{"shape_attributes":{"name":"rect","x":163,"y":95,"width":98,"height":173},"region_attributes":{"class":"DownRight"}}],"file_attributes":{}},"img_001.jpg33147":{"filename":"img_001.jpg","size":33147,"regions":[{"shape_attributes":{"name":"rect","x":94,"y":60,"width":157,"height":232},"region_attributes":{"class":"Left"}}],"file_attributes":{}}}